text,user,created_at,clean_text,platfrom,id,author_id,lang
absolutely not.,Weird-Plane5972,2025-09-04 22:11:15,Negative,Reddit,,,
This answer is fucking awesome,destroyingangel_777,2025-09-04 22:08:57,Positive,Reddit,,,
"Oh honey just break up with him and be his close friend through his dadâ€™s cancer. Be ready for him to potentially show his ass and act out on you bc youâ€™re still kids & he might not have good emotional regulation at that age. He might also use the situation as a reason to really act out. But just tell him you donâ€™t want to move forward with a relationship but youâ€™ll be there for him. Everyone will definitely treat you badly like you are satan herself if he throws you under the bus, but you canâ€™t build a false relationship over this. And thatâ€™s what youâ€™d be doing if you stayed. Just be really nice and keep texting him so he sees youâ€™re not going anywhere and of course you need to accept you canâ€™t date anyone else right now or even hookup.",Fun-Dare-7864,2025-09-04 22:08:33,Positive,Reddit,,,
Yep,Specific_Strategy_26,2025-09-04 22:06:46,nuetral,Reddit,,,
You tell em,destroyingangel_777,2025-09-04 22:03:59,nuetral,Reddit,,,
"**Hello u/!**

Thank you for using a content warning. 

---
**If you are in immediate crisis:**
- Visit [Find A Helpline](https://findahelpline.com/i/iasp) for local hotline info.
- Check [Hotline FAQs](https://www.reddit.com/r/SuicideWatch/wiki/hotline_faqs/) for guidance.
- Consider posting on r/suicidewatch or messaging their moderators [HERE](http://www.reddit.com/message/compose?to=%2Fr%2FSuicideWatch).

---
**For suicidal thoughts or self-harm:**
- [HelpGuide](https://www.helpguide.org/articles/suicide-prevention/are-you-feeling-suicidal.htm) offers coping tips.
- You are not alone â€“ see personal stories on YouTube.
- Practice grounding exercises or listen to your favorite music.
- Refer to [Find A Helpline](https://findahelpline.com/i/iasp) for more resources.

**Take care and stay safe!**


*I am a bot, and this action was performed automatically. Please [contact the moderators of this subreddit](/message/compose/?to=/r/mentalhealth) if you have any questions or concerns.*",AutoModerator,2025-09-04 22:02:17,Positive,Reddit,,,
"So I have OCD and family death was one of my ruminations. My mom had me young but had her own issues and so my grandparents mostly raised me. I always worried about my mom and grandparents dying. I would leave my phone on at night just in case they called. I was convinced I was the only one that could save their lives if they called for some reason (yay OCD!). 

My grandmother died after I was her caretaker for 5 years. I was prepared for that one. Then a year later my mom died. It was very unexpected but not surprising due to her life choices. But one morning I woke up to a missed call from the county. I was confused and my first thought was that it was because my mom was in jail. The phone rang again and I picked up. It was the coroner telling me that my mom had died. Here I was, worrying about missing phone calls in the middle of the night that would lead to my momâ€™s death and I wake up to a phone call about my momâ€™s death. My worst fear.

And you know what? I couldnâ€™t bring her back and I wouldnâ€™t have been able to save her either. I just had to live through the experience.

My long comment was to bring up exposure and the importance of it and also the importance of living in the moment and knowing you canâ€™t change anything. You worrying about it wonâ€™t change the outcome. They will either be there or they wonâ€™t. And thinking about it doesnâ€™t do any good and takes away from your peace and happiness in the moment.

So many sleepless nights worrying about my mom dying and she did. And thatâ€™s what happened. And my life didnâ€™t end. I experienced the natural pain of grief and I kept on going. I still have my grandpa, we care for him. And one day Iâ€™ll have to go through the grief again. But I canâ€™t worry about it because I wonâ€™t enjoy the time I currently have with him.",photogenicmusic,2025-09-04 22:00:44,Positive,Reddit,,,
Because pshycosis causes stuff like that...,kactbd2020,2025-09-04 22:00:37,nuetral,Reddit,,,
Yes seriously fuck what people think! My mantra,destroyingangel_777,2025-09-04 22:00:32,Negative,Reddit,,,
So basically our minds process the good memories better than say something like someone jumping out is and scaring us. It just sounds like a way for a minds to protect us from having to relive something like that. Thing is itâ€™s sad to think some people can have something like that good flooding back from just a touch or seeing someone. I appreciate the response by the way and how detailed it is :),DEeD-NGone,2025-09-04 22:00:25,Positive,Reddit,,,
True i am getting,@nithinshetty4016,2025-09-04 14:32:20.963118076,Positive,Youtube,,,
Jai Shree Krishna ğŸ™ğŸŒ¹,@RamanSingh-fj3cj,2025-09-03 14:32:20.966169119,nuetral,Youtube,,,
Thank you universe ğŸ™,@NirupaRai-p9l,2025-09-02 14:32:20.967586040,nuetral,Youtube,,,
Hara Krishna â¤â¤,@Patricia-s5q7r,2025-08-30 14:32:20.968935966,nuetral,Youtube,,,
"""The Geeta about what ""this line Goosebumps meâ¤â¤â¤",@ipinky2159,2025-08-29 14:32:20.970261097,nuetral,Youtube,,,
These words might  change my prosperity of thinking.,@tummallapallibenarjikumarr5645,2025-08-29 14:32:20.971580982,nuetral,Youtube,,,
ğŸ‰ğŸ‰ğŸ‰ğŸ‰ğŸ‰ğŸ‰ğŸ‰ğŸ‰ğŸ‰ğŸ‰,@dshirisha892,2025-08-29 14:32:20.972887039,nuetral,Youtube,,,
Just bakwaas.. Nothing else.. Asking Why is more important as a root cause ofcourse the immidiate solution is what. But you will keep on asking what if you dont know why... Not to snake but yourself.. Why snake bite me? Because my area has many snakes and i have not taken any precausion. Etc. Etc..,@atulcareer,2025-08-29 14:32:20.974193096,Positive,Youtube,,,
Hare Krishna â¤â¤â¤,@mrunknownalien7350,2025-08-28 14:32:20.975497007,nuetral,Youtube,,,
Hare krishnağŸ™,@suvadipsukul4298,2025-08-27 14:32:20.976833105,nuetral,Youtube,,,
"Doing what since a long time, now losing hope n changing to Why",@atuljaiswal1322,2025-08-25 14:32:20.978228092,Negative,Youtube,,,
Hare Krishna â¤â¤Dhanyawad Divine â¤â¤,@anibhatulsian8767,2025-08-24 14:32:20.979562998,nuetral,Youtube,,,
"Everything in the world made by God Almighty happens for a reason it takes time ,years to understand that. 
Patience and trust is the only option. 
Faith comes only after we understand the reason and results. 
ğŸ™",@vivekchopra6251,2025-08-22 14:32:20.981462955,nuetral,Youtube,,,
"Wow, 
What a reality ğŸ™",@vivekchopra6251,2025-08-22 14:32:20.983016014,Positive,Youtube,,,
Very deep thought. â¤,@chandralekhamukherjee6971,2025-08-22 14:32:20.984411001,nuetral,Youtube,,,
Love you guregeâ¤â¤â¤,@NayonRoy-m7q,2025-08-22 14:32:20.985806942,Positive,Youtube,,,
ğŸ™ğŸš©ğŸ¤”â™¾ï¸ğŸ’«ğŸ¥° plz krishn reply me what can I do,@PoornimaGupta-wp8my,2025-08-22 14:32:20.987169027,nuetral,Youtube,,,
ğŸ‘Œ,@VijayPawar-sz6gq,2025-08-15 14:32:20.988527060,nuetral,Youtube,,,
Hare Krishna ğŸ™ğŸ™,@disharoy2535,2025-08-08 14:32:20.989881992,nuetral,Youtube,,,
Hare Krishna â¤,@Foxtrot-cs3fk,2025-08-05 14:32:20.992486954,nuetral,Youtube,,,
Kennedy,@OMSONi108,2025-08-05 14:32:21.641299963,nuetral,Youtube,,,
Aapke english bolna hame sunneme bohut acche lagte hai ğŸ™â¤,@biswajitsadhukhan1382,2025-08-05 14:32:21.643366098,nuetral,Youtube,,,
https://youtu.be/uaOAL68aIvc,@ItsKd-o7l,2025-08-05 14:32:21.645364046,nuetral,Youtube,,,
https://youtube.com/shorts/c38JKHYnvx0?si=Uio2MojyG-FTYlPw,@RVCHEMISTRY-xv3di,2025-08-05 14:32:21.647339106,nuetral,Youtube,,,
loved it!!!,@rahuld4232,2025-08-05 14:32:21.649285078,Positive,Youtube,,,
Why there's people are laughing can't there see this great teacher not laughing,@Ashley-fr2qn,2025-08-05 14:32:21.651211977,Positive,Youtube,,,
ğŸ«¡ğŸ‡®ğŸ‡³,@DareDevilRise_.17,2025-08-05 14:32:21.653137922,nuetral,Youtube,,,
This person can heal me no matter how much I am depressed or worried ğŸ˜­,@nev_30,2025-08-05 14:32:21.655778885,Positive,Youtube,,,
Hare krishna Prabhuji..,@KOdrani143,2025-08-05 14:32:21.657913923,nuetral,Youtube,,,
"Thank you for making me strong. I'll stop worrying about the past, I'll work hard and I'll focus!",@RajashekarDasohamath,2025-08-05 14:32:21.659929037,Negative,Youtube,,,
Thankyou this was much needed â¤,@Ugcnetjrfmentorr,2025-08-05 14:32:21.662055016,Positive,Youtube,,,
Excellent,@satijavipin,2025-08-05 14:32:21.664031982,Positive,Youtube,,,
https://youtube.com/shorts/SQFDQYHpTuU?si=rGdZF17jCcoA561Q  quotes that make ur life a masterpiece,@spiritualgoals-x6b,2025-08-05 14:32:21.665980101,nuetral,Youtube,,,
Jay Jagannath ğŸ™ŒğŸ»ğŸ¥º,@payalswain9379,2025-08-05 14:32:21.667920113,nuetral,Youtube,,,
â¤â¤,@ashmitasantra1228,2025-08-05 14:32:21.669836998,nuetral,Youtube,,,
I blame I don't take action give my time back..,@PuneetJindal-x5w,2025-08-05 14:32:21.671788931,Positive,Youtube,,,
â¤â¤â¤â¤,@Kk_ranchi143,2025-08-05 14:32:21.673705101,nuetral,Youtube,,,
https://youtu.be/o4o6nICje0A?si=Whh2tHDSiEfY4ZFe,@perera1553,2025-08-05 14:32:21.675610065,nuetral,Youtube,,,
â¤,@subirlaldhar8359,2025-07-05 14:32:21.677722931,nuetral,Youtube,,,
Inspirational ğŸ™ğŸ»,@JKCOfficial08,2025-07-05 14:32:21.679708958,Positive,Youtube,,,
Why so much drama ğŸ˜®,@chhavikankhedia3276,2025-07-05 14:32:22.378220081,Positive,Youtube,,,
Hare krishna â¤,@sonali0609,2025-07-05 14:32:22.380259037,nuetral,Youtube,,,
"It's very nice, your motivation speech, I like it so much. ğŸ‘Œ",@shirishbhumkar1551,2025-07-05 14:32:22.382224083,Positive,Youtube,,,
Hare Krishna Prabhuji ğŸ™â¤,@krishsan01,2025-07-05 14:32:22.384146929,nuetral,Youtube,,,
ğŸ˜‚ğŸ˜‚,@asyourclassmate2512,2025-07-05 14:32:22.386085987,nuetral,Youtube,,,
Thanks Guruji ğŸ˜Š for giving me answer â¤,@rupalichothe6810,2025-07-05 14:32:22.388063908,Positive,Youtube,,,
â¤â¤,@shamshadhusain4737,2025-07-05 14:32:22.389981031,nuetral,Youtube,,,
Thankyou sir,@pallavihankare,2025-07-05 14:32:22.391875029,nuetral,Youtube,,,
Gita is a book of acceptance. Accepting your failure and coming out stronger,@Skinnybearr7543,2025-07-05 14:32:22.393795967,Negative,Youtube,,,
"I don't know how I am laughing, how I am alive. It seems like an astronomical phenomena.ğŸ˜‚",@OldSchoolKanyaa,2025-07-05 14:32:22.395716906,Positive,Youtube,,,
But some blames may even be true trueğŸ˜‚ğŸ˜‚ğŸ˜‚,@OldSchoolKanyaa,2025-07-05 14:32:22.397608042,Positive,Youtube,,,
"Itâ€™s crazy how long I searched outside myself for answers. Coaches, YouTube vids, even crystals. But nothing really clicked. Then someone mentioned Manifest and Receive by Eva Hartley in a comment, and I checked it out on youtube. That was it for me. The switch flipped. Life didnâ€™t get easier, I just got aligned. Crazy how life works ğŸ’°âœ¨",@BIGBLASTS_EATING_SHOW,2025-07-05 14:32:22.399498940,Negative,Youtube,,,
"If you're reading this right now, I just want to say; I'm rooting for you. Weâ€™re strangers, but that doesnâ€™t mean I donâ€™t care. I know what itâ€™s like to feel like you're pushing a boulder uphill. I felt that way until I picked up Manifest and Receive by Eva Hartley I canâ€™t explain it perfectly, but it changed my whole perspective. After checking it out on youtube and reading it things have been flowingâ€”money, peace, confidence. Maybe this is your moment too. Stay open. Wishing you more than you ever imagined. ğŸ’«ğŸ’°",@Allgameing482,2025-07-05 14:32:22.401387930,Positive,Youtube,,,
"Everyone who reads this, we donâ€™t know each other and probably never will, but I wish you all the best in life and all the luck in the world. If youâ€™re struggling right now, trust meâ€”I know exactly how that feels. I spent years working hard but never really getting ahead. I thought success was all about effort, but I was missing something bigger. That changed the moment I read Manifest and Receive by Eva Hartley. I donâ€™t know how to explain it, but my income doubled in just a few months, and for the first time, I feel like I truly understand how wealth works. If youâ€™re reading this, maybe you were meant to. Wishing you all abundance and success. ğŸ’°âœ¨",@animeshorts5536,2025-07-05 14:32:22.406155109,Positive,Youtube,,,
Hare Krishna â¤ï¸,@motivation.key_14,2025-07-05 14:32:22.408513069,nuetral,Youtube,,,
â¤â¤â¤â¤â¤ love ğŸ’• it this is knowledge to know that God is in the equation believe Jesus Christ,@enochcommey4663,2025-07-05 14:32:22.411633015,Positive,Youtube,,,
ğŸ©µ,@sonalpatel.22,2025-07-05 14:32:22.413822889,nuetral,Youtube,,,
"Don't ask Why, gita is about what can I do to why things are happening to me.",@Komal-we7wz,2025-07-05 14:32:22.415745020,nuetral,Youtube,,,
"To anyone who's suffering depression, anxiety, insomnia and other mental health problems, you are not alone. I feel you. You are so brave. You are doing so well. I'm proud of you. I'm sending you a virtual hug â¤ For me, it wasnâ€™t therapy or meds that helped the most â€” it was reconnecting with myself. I started using the exercises in Shift Your Mind by Alexander Brooks, and it made me feel human again. The anxiety that used to control my whole day barely shows up now! ğŸ™â¤",@venkatasandeepkumar2193,2025-07-05 14:32:22.418348074,Positive,Youtube,,,
awesome ğŸ’«,@sorenkoraofficial1311,2025-07-05 14:32:22.420612097,Positive,Youtube,,,
"To anyone who's suffering depression, anxiety, insomnia and other mental health problems, you are not alone. I feel you. You are so brave. You are doing so well. I'm proud of you. I'm sending you a virtual hug â¤ what helped me get out of that dark spiral was journaling and mindfulness from Shift Your Mind by Alexander Brooks. The anxiety that used to control my whole day barely shows up now!ğŸ™â¤",@àª°àª¾àªœàª¨àª¿àª®àª¾àª£,2025-07-05 14:32:23.090023041,Positive,Youtube,,,
great â¤ï¸,@lumborlanglnonglait3588,2025-07-05 14:32:23.092272997,Positive,Youtube,,,
great â¤ï¸,@dada.gamers2342,2025-07-05 14:32:23.094326973,Positive,Youtube,,,
"To anyone who's suffering depression, anxiety, insomnia and other mental health problems, you are not alone. I feel you. You are so brave. You are doing so well. I'm proud of you. I'm sending you a virtual hug â¤ For me, it wasnâ€™t therapy or meds that helped the most â€” it was reconnecting with myself. I started using the exercises in Shift Your Mind by Alexander Brooks, and it made me feel human again. The anxiety that used to control my whole day barely shows up now! ğŸ™â¤",@VjwefyxcsBfignksvycahb,2025-07-05 14:32:23.096314907,Positive,Youtube,,,
awesome ğŸ’«,@ABHIMAAN5,2025-07-05 14:32:23.098290920,Positive,Youtube,,,
great â¤ï¸,@sunilbhavsar8811,2025-07-05 14:32:23.100280046,Positive,Youtube,,,
Hare krishnaâ¤radhe radheâ¤,@sagarikadas13,2025-07-05 14:32:23.102261066,nuetral,Youtube,,,
"Sri Gurubhyonamaha ğŸ™ğŸ™,blessed are we ,you steer us with clear vision.ğŸ™",@kavitasattur155,2025-07-05 14:32:23.104249001,Positive,Youtube,,,
Nice ğŸ‰ğŸ‰ğŸ‰ğŸ‰,@AnujSharma-l9s6h,2025-07-05 14:32:23.106225014,Positive,Youtube,,,
Mind blowing sirğŸ‰,@mohdrafiq8822,2025-07-05 14:32:23.108309031,nuetral,Youtube,,,
God is love animal lover,@DakshLuthra-v7h,2025-06-05 14:32:23.110363007,Positive,Youtube,,,
Thnx for 107 sbkğŸ‰ğŸ‰ğŸ‰à¥¤à¥¤à¥¤ wonderful information ğŸ˜Š,@KNOWLEDGEPROMPTER06,2025-06-05 14:32:23.112385035,Positive,Youtube,,,
Bohot badiya â¤ğŸ’,@nileshtbhartiya3854,2025-06-05 14:32:23.114366055,nuetral,Youtube,,,
ğŸŒ¹ğŸ™ğŸ™ğŸ™ğŸ™ğŸ™ğŸ™ğŸŒ¹,@kaurkaur8991,2025-06-05 14:32:23.116341114,nuetral,Youtube,,,
https://www.youtube.com/watch?v=_cGKRJFQkSk,@ShenoyRajeshBangalore,2025-06-05 14:32:23.118241072,nuetral,Youtube,,,
"Funny how we all chase the snake instead of healing the bite. What if success is just about changing the question, not the problem? ğŸ¤”",@NevilleGoddardFiles,2025-06-05 14:32:23.120136976,Positive,Youtube,,,
Guruji you have stolen my broken heart .I can help but paying attention to your words,@SangitaJas,2025-06-05 14:32:23.122031927,Negative,Youtube,,,
We are in a world where we are taught to fight between religions. But here is Guru Gopas Das ji! No guile in him! Just brings in Peace of Mind to all irrespective of whatever religion you belong... Respect me I am a Christian! Yet I love this holy person and his talks...,@stclareschoolakuluto,2025-06-05 14:32:23.124167919,Positive,Youtube,,,
"Gaur Gopal Das ji is all about sense.,Forget religion which religion you belongs to He is a real peace of mind.Respect from me as Muslim",@MdNadim-il8tv,2025-06-05 14:32:23.126116991,Positive,Youtube,,,
Hare krishna guru Ji..,@ITSKILLPATH,2025-06-05 14:32:23.128062963,nuetral,Youtube,,,
"Soooooo meaning full Guruji 
Thank you soooo much ğŸ™ğŸ™ğŸŒ¹ğŸŒ¹",@krishnavenishivangikittypa5615,2025-08-05 14:32:23.664362907,Positive,Youtube,,,
You copied this comment from someone else,@ritukikriti4497,2025-07-05 14:32:24.133769035,nuetral,Youtube,,,
Exactly  ğŸ’¯,@IshikaOberoi-mz9jm,2025-08-05 14:32:24.553879976,Positive,Youtube,,,
Same here,@aasmapatel,2025-07-05 14:32:25.054068089,nuetral,Youtube,,,
"Hare Krishna ğŸ™ğŸ» 
Absolutely Right.",@Gaurdhamkripadas,2025-06-05 14:32:25.802812099,Positive,Youtube,,,
"Hare Krishna ğŸ˜ŠğŸ™
@archanasinghkiekseekh",@Archana_Art_1975,2025-06-05 14:32:25.806782961,nuetral,Youtube,,,
Wait God will ask   you  all,@MaliniRamachandra-i7k,2025-06-05 14:32:25.809573889,nuetral,Youtube,,,
ğŸ¤£,@JyotiShivShakti,2025-06-05 14:32:25.813380003,nuetral,Youtube,,,
Hare Krishna hare Krishna Krishna Krishna hare hare hare Rama hare Rama Rama Rama hare hare Jai siyaram Jai bajrangbali,@lalitkumar-pd3nx,2025-06-05 14:32:25.816375017,nuetral,Youtube,,,
"What a coincidence.... 
This  afternoon i was asking my Mother Why i am facing this? Why does this happen to me? I was blaming someone but now i am watching the solution and realizing my fault....",@apudeb1265,2025-06-05 14:32:25.819340944,nuetral,Youtube,,,
Such an eye opening session with guruji ğŸ‰Guruparanam,@venkateshdhandapani311,2025-06-05 14:32:25.821959019,nuetral,Youtube,,,
â¤â¤â¤,@jindmehind6645,2025-06-05 14:32:25.824512005,nuetral,Youtube,,,
What if you don't have any problems whatsoever. Because you choose to be a simple follower â¤,@AchalaSharmaz,2025-06-05 14:32:25.827759027,nuetral,Youtube,,,
"If you figure out the why, you will  get the what right",@suprobhosantra,2025-06-05 14:32:25.830604076,Positive,Youtube,,,
Hare Krishna!,@AntarmayPal,2025-06-05 14:32:25.833204985,nuetral,Youtube,,,
Hare Krishna,@mukeshdas8690,2025-06-05 14:32:25.835784912,nuetral,Youtube,,,
How deepâ¤â¤â¤,@radhapandey5538,2025-06-05 14:32:25.837821960,nuetral,Youtube,,,
God wants me to be stronger so all this is happening to me,@madhumitasamanta2046,2025-06-05 14:32:25.839764118,Positive,Youtube,,,
But whom to ask,@s.s.vsuresh2957,2025-06-05 14:32:25.841681957,nuetral,Youtube,,,
Ty for God for sending me this video i am going through a situation and blaming myself for this that why this happens to me or why I did this but after watching this video i got clearity the problem is not the situation the problem is how to deal with the situation so ty god and guruji ğŸ˜Š,@ruchisharma9446,2025-06-05 14:32:25.843756914,nuetral,Youtube,,,
Av av I was asking why and want my answer from shiva and it feels like he gave it to me thru this video. Thanks prabhujiğŸ™,@Gayatridash.wowarmy,2025-06-05 14:32:25.845837116,Positive,Youtube,,,
"What this situation trying to teach me?
How can I go through with it? Guide meâ˜®ï¸",@Kdramafan25,2025-06-05 14:32:25.847801924,nuetral,Youtube,,,
Bahut badhiya,@vinishome3307,2025-06-05 14:32:25.849734068,nuetral,Youtube,,,
What about the 'how' question? Doesn't that also help us figure out the solutions?,@Cbnite25,2025-06-05 14:32:25.851654053,nuetral,Youtube,,,
"Hope you heal, Hare Krishna â¤",@anishaghosh2428,2025-06-05 14:32:26.286778927,nuetral,Youtube,,,
"More power to you girl!ğŸ§¿ğŸŒ¸
Hare Krishna ğŸŒ¸ğŸ™",@Radhemadhav99,2025-06-05 14:32:26.290662050,Positive,Youtube,,,
Why did you say Av ? Who is Av to you ?,@IshikaOberoi-mz9jm,2025-08-05 14:32:26.682159901,nuetral,Youtube,,,
â¤,@à¤®à¥€_à¤†à¤¨à¤‚à¤¦à¥€,2025-06-05 14:32:27.371074915,nuetral,Youtube,,,
After neet exam...i need thisğŸ™ğŸ»,@tanurathore5721,2025-06-05 14:32:27.373569965,nuetral,Youtube,,,
"Nice one Swamiji but when you are in real trouble everyone flees the scene and  no one will be there , none can help me , you Say Krishna or Shiva or even something else none will come to the rescue Confusion don't happen they are caused deliberately so that you fall and fail. You are an helpless being and there is no solution. But thanks for a little ray of hope, Pranams",@ChetanM-n8b,2025-06-05 14:32:27.375992060,Negative,Youtube,,,
Just brilliant ğŸ™,@abhimanyuchatterjea,2025-06-05 14:32:27.379848957,Positive,Youtube,,,
Prabhu ji will lose weight like this ğŸ˜‚ğŸ˜‚ğŸ˜‚,@06musicfan,2025-06-05 14:32:27.382402897,nuetral,Youtube,,,
My next question....ask to whom?....If I'm having problems with close ones,@JEEASP-roy7,2025-06-05 14:32:27.384814024,nuetral,Youtube,,,
Make sense,@kui8738,2025-05-05 14:32:27.387185097,nuetral,Youtube,,,
"Your words healed me.
This universe, the Supreme AI knows what to share when to share to heal us from within....",@Adityasuii,2025-05-05 14:32:27.389530897,nuetral,Youtube,,,
super solid,@souravsinha2051,2025-05-05 14:32:27.393817902,Positive,Youtube,,,
"You come up with such a wonderful speech, I am thankful to you for sharing such a wonderful knowledge ğŸ‘",@RupaliNaveen,2025-05-05 14:32:27.397520065,Positive,Youtube,,,
hello sir when are you coming to Bangalore ?,@akashnaik8353,2025-05-05 14:32:27.399580002,nuetral,Youtube,,,
"True words ...
ğŸ™Hare Krishna ğŸ™",@nishukaranjananishukaranja2826,2025-05-05 14:32:27.401525021,Positive,Youtube,,,
Jay shree KrishnağŸ™ğŸ™ğŸ™,@prasadtelavane3137,2025-05-05 14:32:27.403441906,nuetral,Youtube,,,
Hare Krishnaâ¤,@souravroy0001,2025-05-05 14:32:27.405358076,nuetral,Youtube,,,
"I think when we are bitten by the snake. Firstly, we ask ourselves what we can do to save ourselves, then we must do something immediately to save ourselves, take out the toxins and heal ourselves. But afterwards, for the long term, we must learn the lesson from it. We ask why this happened to me. Ah maybe we are unconscious that those areas are the place that many snakes live and we step on it. We can learn from the snakes , and ourselves and life then we change so that we prevent from being bitten and hurt next time.  Prevention is better than healing. Of course, making mistakes, being hurt is unavoidable, but what matter is we are more conscious and learn from it. It is good for our betterment and the right path of evolution. When we reap the fruits, we should know what the seeds we have sown before. We trace the causes and we learn and we can change sowing the seeds to prevent it from happening again in the future. Life has sent us the  valuable and meaningful lessons for us to learn what is right and better ourselves. It is the chance we learn from life , from real life school the valuable and necessary lessons we need for ourselves and our evolution. If we just focus on immediate fixing only , it just helps at the surface level , in short time and that is not enough . If we don't learn the roots, the seeds, and the causes  , we don't change, improve it, learn from it, we will  receive more dangerous and stronger situations that we must cope with to truly realise the lesson and graduate. When we learn , are conscious, change into the right course, those teaching the same lessons events and situations will disappear. Face it, deal with it, learn and grow from it ğŸ˜Šâ¤ğŸ˜Š thank you I love you",@angeloflovenunlimit,2025-05-05 14:32:27.407376051,Positive,Youtube,,,
Hare Krishna prabhuji very true Hare Krishna ğŸ™ğŸ™ğŸ™ğŸ™ğŸ™ğŸ™ğŸ™ğŸ™ğŸ™ğŸ™ğŸ™ğŸ™ğŸ™ğŸ™ğŸ™ğŸ™ğŸ™ğŸ™ğŸ™ğŸ™ğŸ™ğŸ™ğŸ™ğŸ™ğŸ™ğŸ™ğŸ™ğŸ™ğŸ™ğŸ™ğŸ™ğŸ™,@abhijeetmore6369,2025-05-05 14:32:27.409364939,Positive,Youtube,,,
Thanksâ¤,@sumankoirala406,2025-05-05 14:32:27.411986113,nuetral,Youtube,,,
Except overeatingğŸ˜,@KaEs-z7v,2025-05-05 14:32:27.414007902,nuetral,Youtube,,,
Hare Krishna Radhe Radhe ğŸ™ğŸ’ğŸª”ğŸ•‰ï¸â˜ºï¸â¤â¤â¤,@musicalproton4452,2025-05-05 14:32:27.415963888,nuetral,Youtube,,,
Because cunning and manipulative people always go far in lives. That's why ğŸ‰,@Anonymous-ql9yd,2025-05-05 14:32:27.417884111,Positive,Youtube,,,
"Only Shree Krishna will be there with you and no one else,  not even the people, who you think are closest to you.",@subhasisroy9710,2025-06-05 14:32:28.207226038,nuetral,Youtube,,,
Dude it's just you and your mind. Bruh.,@Rinabiswas74,2025-06-05 14:32:28.688568115,nuetral,Youtube,,,
Niceeee,@omkarrj360,2025-05-05 14:32:29.346556902,nuetral,Youtube,,,
"What can I do now? Past cannot change bidasar Hindi medium torture pressure separation low marks insults suicide death failure broken  relationships things will not change now. Ab kuch nahi badlne vala. Vo sub history nikal dei. Fresh start kr. Purana kuch bhi blame nhi Krna ksiko kuch bhi. Jo hai vo ab tu kr sakti hai jo tere hath mei hai. 23 will be over in July. 24th journey will start. Jo log kr rh hai krne dei vo kuch bhi achive kr rh hai why comparison.
Teri journey Teri hai. What you can do now build now. See preksha life mei jo hogya kuch nhi badlne vala. Blame krne sei kya fayda vo unka apna journey tha jo tere saath hua learning hua na. 
Life akele hei ladni padhti hai akle hei khara hona ortha hai. Sab log tho bas saath chalthe hai koi aaghe koi piche. 
Tu apni journey sudhar. Negativity dur la depend hona chor. 
Tera kya goal hai vo saari cheese achive krna dreams ghumna travel Krna. Nay logo sei milna. Or ha stories likhana. Logo kei madas Krna social work. Yh end goal hai. Yh sub kaisa hoga ca bankr. Achi job mnc corporate fir business farming. Paisa kamygi tabhi tho krgi.
Jo tera dard hai vo Tera strong point ban sakta hai soch. 
Kitne logo kei liye inspiring hoga agar haar nhi maanegi.",@futurecapreksha,2025-05-05 14:32:29.348609924,Positive,Youtube,,,
Siggu ledu neeku,@riz.t4f,2025-05-05 14:32:29.350591898,nuetral,Youtube,,,
Horibol,@sushantadeb1918,2025-05-05 14:32:29.352507114,nuetral,Youtube,,,
â¤ğŸ’¯,@AnkurDas-o6w,2025-05-05 14:32:29.354414940,nuetral,Youtube,,,
ğŸ™,@rakeshmakwana7563,2025-05-05 14:32:29.356488943,nuetral,Youtube,,,
Hilarious yet thoughtfulâ¤,@shagunbarnwal8593,2025-05-05 14:32:29.358568907,Positive,Youtube,,,
My salutations to Guruji .ğŸ™ğŸ™ğŸ™,@satyapalsingh4429,2025-05-05 14:32:29.360517025,nuetral,Youtube,,,
"Thank you, prabhu, for this enlightening video. 

Your insights into focusing on self-development and embracing the present moment have truly resonated with me. 

The way you emphasize shifting attention from external comparisons to internal growth is a powerful reminder in today's fast-paced world. 

Your teachings inspire a deeper understanding of life's challenges and the strength within us to overcome them. 

Grateful for your wisdom and the positive impact you bring to so many lives.",@SpiritualOdessey,2025-05-05 14:32:29.362437010,Positive,Youtube,,,
"Dandvat pranam guru ji ğŸ™
Hare Krishna ğŸ™ğŸ™",@ankurverma2262,2025-05-05 14:32:29.364336014,nuetral,Youtube,,,
Hare Krishna ğŸ™,@sakshi-mbbs,2025-05-05 14:32:29.366240978,nuetral,Youtube,,,
Hare Ram Hare Krishna jai Vasudev ğŸ™ğŸ™ğŸ™ğŸ™,@shivaprakash7,2025-05-05 14:32:29.368139982,nuetral,Youtube,,,
When a snake bites you know what you have to do ahead but what if a man is failing again and again and he doesn't know what he has to do.,@SachinKumar-ey5pr,2025-05-05 14:32:29.370038986,nuetral,Youtube,,,
Miraculously amazing words,@lalitakandolaNZ,2025-05-05 14:32:29.371973038,Positive,Youtube,,,
Thank you prabhuji for the wonderful insight about Gita..â¤,@digitalmonk1632,2025-05-05 14:32:29.373935938,Positive,Youtube,,,
"Namaste gurujiğŸ™ğŸ¿. So I love a guy who told me he loves me more than anything, but I can't feel the same way. what should I do? Please consider this question.",@tatinipunyatoya5374,2025-05-05 14:32:29.375839949,Positive,Youtube,,,
True sir â¤,@ravikumarchintapalli5076,2025-05-05 14:32:29.377891064,Positive,Youtube,,,
Thank you prabhuji,@DebdarshanMandal,2025-05-05 14:32:29.379817963,nuetral,Youtube,,,
Pranam guruji,@meenalakshmeesh,2025-05-05 14:32:29.381717920,nuetral,Youtube,,,
Jai shree Krishna,@virkumar5074,2025-05-05 14:32:29.383613110,nuetral,Youtube,,,
"Learn from mistakes...
Try to improve everyday",@Educated_beings,2025-07-05 14:32:29.802572966,Negative,Youtube,,,
"Don't force things to happen in your lyf , it's all happening in ur lyf to teach u something coz u need tht knowledge to be successful in lyf . Evrybody goes thru ups & dwns it's normal,  if something is constantly happening in your lyf don't blme yourself for tht try to identify the pattern it'll help u to getcha out of tht condition. Try mindfulness like meditation & prayer(if u believe in God)  tht will definitely change your lyf . 



Anyway sending good &+vity ğŸ¤âœ¨",@Sivah-b5g,2025-07-05 14:32:29.806515932,Positive,Youtube,,,
â€‹Â @Educated_beingsÂ easier said than done sir,@shritisatyassi2580,2025-08-29 14:32:29.810460091,nuetral,Youtube,,,
"When you smile in your talk i like to ask you ,tum itna jo mus karo rahe ho kya gum hai jis ko chupa rahe ho",@virkumar5074,2025-05-05 14:32:30.381256104,Positive,Youtube,,,
HARE KRISHNA PRABHU ğŸ™ğŸ» I ACTUALLY STARTED A JOURNEY TO READ GEETA EVERY IN THE EARLY MORNING BUT I FAILED TO CONTINUE PLEASE PRABHU SUGGEST ME HOW CAN I CONTINUE?..AND WHENEVER READING GEETA I PATCH MYSELF WITH THE WHOLE UNIVERSE AND I CAN'T REMEMBER WHO I AM..I TOTALLY PUZZLED THAT'S WHY I AM THREATENED ğŸ˜¢PLS SUGGEST ME PRABHUğŸ¥ºğŸ™ğŸ»,@snehadas2582,2025-05-05 14:32:30.383696079,Negative,Youtube,,,
Thank you â¤,@sucharitachaki5210,2025-05-05 14:32:30.386288881,nuetral,Youtube,,,
"à¤œà¤¯ à¤¶à¥à¤°à¥€ à¤—à¥à¤°à¥à¤¦à¥‡à¤µ, à¤†à¤ªà¤•à¤¾ à¤¨à¤¾à¤²à¤¾à¤¯à¤• à¤¸à¥‡à¤µà¤• à¤—à¥à¤°à¥à¤œà¥€à¥¤ğŸ™ğŸ¼",@nandanm3826,2025-05-05 14:32:30.388623953,nuetral,Youtube,,,
RadhaKrishnağŸ™â¤ï¸ğŸ’—ğŸ’ğŸª·ğŸ™,@CÃ vabien-d1j,2025-05-05 14:32:30.390948057,nuetral,Youtube,,,
Hare Krishna ğŸ™,@Bhagavadgita_ForLife,2025-05-05 14:32:30.393373966,nuetral,Youtube,,,
"if we keep distancing us from persons instead of talking about it and asking them why....soon we will be completely alone and suffering and no one by our side, this is the real truth ğŸ‘†",@advisorof7489,2025-05-05 14:32:30.395715952,Positive,Youtube,,,
"Sir, Perfect ly said ğŸ‘ğŸ™",@suvarnapatil5467,2025-05-05 14:32:30.397903919,Positive,Youtube,,,
Hare Krishna Prabhu ji â¤â¤â¤,@dhananjaygupta2026,2025-05-05 14:32:30.401509047,nuetral,Youtube,,,
Hare krishna prabhu dandvat pranam â¤â¤ğŸ™‡,@mahipalsingh-rc5ii,2025-05-05 14:32:30.405144930,nuetral,Youtube,,,
Much Needed!!!!!!!!!!,@bhaveshsangtani1219,2025-05-05 14:32:30.407207966,Positive,Youtube,,,
Build every thing but the things asking how built other's asking how built answer to every one money's never walk and never speech '  ğŸ˜,@LostJusticeWorldfailures,2025-05-05 14:32:30.410233021,Negative,Youtube,,,
ğŸ™ğŸ™ğŸ™,@anu0271,2025-05-05 14:32:30.413152933,nuetral,Youtube,,,
Pronam Guruji.  Thank you for your inspiring messages ğŸ™ â¤ï¸,@glimpses-md2xh,2025-05-05 14:32:30.415199995,Positive,Youtube,,,
Hare Krishna ğŸ™ğŸ»ğŸš©,@jewelsain94,2025-05-05 14:32:30.418262959,nuetral,Youtube,,,
ğŸ˜ŒğŸ™ğŸ™ğŸŒ¸.,@sarojkumar0608,2025-05-05 14:32:30.420316935,nuetral,Youtube,,,
I got the video just when I needed it....!Hare Krishna ğŸŒ¸âœ¨,@AdishreeDesale,2025-05-05 14:32:30.422316074,nuetral,Youtube,,,
ThqğŸ‘ğŸ™,@Lakshmikaranam07,2025-05-05 14:32:30.424532890,nuetral,Youtube,,,
"Thank you Prabhu for the guidance.
Hare Krishna ğŸ™ğŸ»ğŸ™ğŸ»ğŸ™ğŸ»",@Susmita.sd06,2025-05-05 14:32:30.427608967,nuetral,Youtube,,,
ğŸ™ğŸ»ğŸ™ğŸ»ğŸ™ğŸ»ğŸ™ğŸ»ğŸŒ¹ğŸŒ¹ğŸŒ¹ğŸŒ¹,@pankajbikashsaha7552,2025-05-05 14:32:30.432792902,nuetral,Youtube,,,
Yes correct,@sumathisathish2516,2025-05-05 14:32:30.987535954,nuetral,Youtube,,,
He meant something completely different..you are right but his perspective is  absolutely of a different thing,@OindrilaGhoshshe,2025-05-05 14:32:30.991472960,Positive,Youtube,,,
You didn't get essence oh this video,@viewsreviews6405,2025-08-27 14:32:30.994200945,nuetral,Youtube,,,
Hare Krishna ğŸ™ğŸ»â£ï¸ . Hare Krishna Prabhu Jee ğŸ™ğŸ»â£ï¸ .,@Dr.PranavPatkar,2025-05-05 14:32:31.757992029,nuetral,Youtube,,,
"Truth stand strong and make you stand strong,True words come from true book HARE KRISHNA ğŸ™",@IamIT_,2025-05-05 14:32:31.760190964,Positive,Youtube,,,
ğŸ˜ŠğŸ˜ŠğŸ˜ŠğŸ˜Šâ¤â¤â¤â¤,@lathalatha3226,2025-05-05 14:32:31.762337923,nuetral,Youtube,,,
Radhe Krushna ğŸ™ğŸ»,@kunjalatabehera5127,2025-05-05 14:32:31.764486074,nuetral,Youtube,,,
Hare krishna hare ramaâ¤,@SurabhiSurabhi-m7r,2025-05-05 14:32:31.766542912,nuetral,Youtube,,,
He will be more effective if he does not dramatize.,@rajeshr436,2025-05-05 14:32:31.768663883,Positive,Youtube,,,
What Can I Do,@ObamaBinladen-z6q9p,2025-05-05 14:32:31.770813942,nuetral,Youtube,,,
Beautiful â¤ï¸,@sonalibanerjee4628,2025-05-05 14:32:31.772936106,Positive,Youtube,,,
Keep going always ğŸ˜Œ,@KnowledgePoint1327,2025-05-05 14:32:31.775043964,nuetral,Youtube,,,
Thank you so much for this advice. Now i know what should I do ğŸ™ radhe Krishn ğŸ™ğŸ™ğŸ™ğŸ™,@SandhyaraniAkasapu,2025-05-05 14:32:31.777065039,Positive,Youtube,,,
Jai shree Krishna all friends ğŸ¥°ğŸ™ğŸ™ğŸ™,@Angrejigarhi_123,2025-05-05 14:32:31.779175997,nuetral,Youtube,,,
True.not everytime joinind d dots leads to figureout.,@PoojaKalyan-p1q,2025-05-05 14:32:31.781265020,nuetral,Youtube,,,
Hare krishna guru g  will b wating to fear u alwaysğŸ˜ŠğŸ™,@suryavanshiakshara7987,2025-05-05 14:32:31.783360958,nuetral,Youtube,,,
"After a long time, Today I got the most energetic voice.",@biswajitmahato6173,2025-05-05 14:32:31.785486937,Positive,Youtube,,,
Sir can you share the book details on Geeta so many publications print I am totally confused which one to buy & read,@prashantjaiswal5406,2025-05-05 14:32:31.787626028,Positive,Youtube,,,
"Hare Krishna Guruji, Thanks for the reminder",@Subhankarize,2025-05-05 14:32:31.789710045,Positive,Youtube,,,
ğŸ¥°ğŸ¥°ğŸ¥°ğŸ¥°,@SumonRai-gl9ww,2025-05-05 14:32:31.791796923,nuetral,Youtube,,,
ğŸ™ğŸ™‡â€â™€ï¸,@drsushmakini6238,2025-05-05 14:32:31.793874025,nuetral,Youtube,,,
Thank you for this reminderğŸ™ğŸ»,@motherearth1712,2025-05-05 14:32:31.795907974,nuetral,Youtube,,,
"ğŸ™Padabhivandanam prabhuji ğŸ™ 
Thank you guruji",@veenaprasad1446,2025-05-05 14:32:31.797852039,nuetral,Youtube,,,
Pls read Srila Prabhupada Bhagwad Gita As It is,@shavetaduggal8667,2025-05-05 14:32:32.324167013,nuetral,Youtube,,,
"Hare Krishna...namaste Prabhuji..
Let Modiji listen this...",@aravindanc8989,2025-05-05 14:32:33.160180092,nuetral,Youtube,,,
"Hare Krishna.,..Indian muslim loveâ¤ to listen gaur gopal Prabhu... I am following him for 3 years",@MathsSirAssam,2025-05-05 14:32:33.162252903,nuetral,Youtube,,,
You've inexplicably elucidated such a complicated question.,@aadityapratap007,2025-05-05 14:32:33.164236069,Negative,Youtube,,,
ğŸ™Hare krishna ji,@harimaya1435,2025-05-05 14:32:33.166201115,nuetral,Youtube,,,
GGD is Fantastic ğŸ˜Š,@laika5757,2025-05-05 14:32:33.168149948,Positive,Youtube,,,
Amazing words ğŸ‰,@indianman123-q6n,2025-05-05 14:32:33.170320034,Positive,Youtube,,,
Hare Krishna ğŸ™,@prafullmane4530,2025-05-05 14:32:33.172336102,nuetral,Youtube,,,
Blessed really with your speech...Hare Krishna ğŸ™,@santhoshmalla7444,2025-05-05 14:32:33.174267054,Positive,Youtube,,,
THANK YOU for this reminder ... ğŸ™ â¤ ... I needed this today ...,@sangitapaulraj3075,2025-05-05 14:32:33.176187992,nuetral,Youtube,,,
See life is all abt story that we write itâ€™s on us how beautifully we write people blame there destiny btt I think itâ€™s not abt destiny itâ€™s all abt karmas how u write is what u get we create r stories we r the owners so do what u like what u love its all abt the choices we make decisions we make efforts we make so donâ€™t just hope work towards the life nd i think the greatest motivation abt the future is what u write in present diffiness ur future .,@Dr.AyushhMishraa,2025-05-05 14:32:33.178133011,Positive,Youtube,,,
â¤â¤â¤,@subbareddymule4258,2025-05-05 14:32:33.180043936,nuetral,Youtube,,,
Namaste prabhuji ğŸ™ğŸ»,@pavikiran7159,2025-05-05 14:32:33.181929111,nuetral,Youtube,,,
Hare Krishna PrabhuJi..â¤â¤â¤â¤â¤,@amitkjha-HealthWellnessCoach,2025-05-05 14:32:33.183799028,nuetral,Youtube,,,
Jay Shri Radha Krishna,@baradamohanty1382,2025-05-05 14:32:33.185795069,nuetral,Youtube,,,
THANK YOU :elbowcough::yougotthis: PRABHUJI,@lilamayabehera5480,2025-05-05 14:32:33.187721014,nuetral,Youtube,,,
â¤â¤â¤,@mahendrabiswas4908,2025-05-05 14:32:33.189609051,nuetral,Youtube,,,
Radha Krishna ğŸ™,@mahendrabiswas4908,2025-05-05 14:32:33.191483974,nuetral,Youtube,,,
Love the way how magically nd happily you explain the things in fun way â¤,@ishikasingh6261,2025-05-05 14:32:33.193365097,Positive,Youtube,,,
SirğŸ˜¢ğŸ˜¢,@sunshinesayani7454,2025-05-05 14:32:33.195242882,nuetral,Youtube,,,
â¤â¤â¤â¤,@mayankwadhwawadhwa7176,2025-05-05 14:32:33.197105885,nuetral,Youtube,,,
u r not muslim according to Quran,@mahanand2670,2025-05-05 14:32:33.688594103,nuetral,Youtube,,,
Me as well..â¤,@shamshadhusain4737,2025-07-05 14:32:33.692573071,nuetral,Youtube,,,
â¤â¤,@apoliticalsumanta2176,2025-07-05 14:32:33.696086884,nuetral,Youtube,,,
Yes... always,@momocat_here,2025-08-05 14:32:33.698112011,nuetral,Youtube,,,
"thisâ€™s the beauty of india. unity in diversity. just follow one concept. one divine energy with so many foams he had taken in past just for saving the humanity. whether theyâ€™re krishnaji, ramji n allah, Jesus christ. â¤
n their teaching are just inevitable.",@itsme...2979,2025-08-05 14:32:33.700094938,Positive,Youtube,,,
reason why everyone should be educated likes u!!,@Sp_Global-oc4tf,2025-08-22 14:32:33.701534986,nuetral,Youtube,,,
V good ğŸ’¯â¤,@sksyt8668,2025-08-30 14:32:33.703125000,Positive,Youtube,,,
â¤,@mahaversongara9330,2025-08-31 14:32:33.704477072,nuetral,Youtube,,,
â¤â¤,@shanusharma1344,2025-05-05 14:32:34.312469959,nuetral,Youtube,,,
RT @Cobratate: I said depression wasnâ€™t real 8 years ago and was attacked by every single celebrity and main stream media outlet in sync.â€¦,,2025-09-02 09:57:59+00:00,Positive,Twitter,1.9628172727890417e+18,1.6089812138421821e+18,en
"@justfredimelda Are you subscribed?

People have said they use my videos for the classroom, writing/editing/planning, reading, mental health, ADHD and bedtime! ğŸ’•

https://t.co/YG5LKFWRjW âœğŸ»",,2025-09-02 09:57:56+00:00,Negative,Twitter,1.9628172592623293e+18,8.138505208090665e+17,en
RT @Cobratate: I said depression wasnâ€™t real 8 years ago and was attacked by every single celebrity and main stream media outlet in sync.â€¦,,2025-09-02 09:57:56+00:00,Positive,Twitter,1.9628172590275464e+18,1.830617023493079e+18,en
"@roxasaurus_ Waitâ€¦ this just broke my social anxiety HAHA, ty for this tip ğŸ˜­",,2025-09-02 09:57:56+00:00,Positive,Twitter,1.9628172577526702e+18,1.0808292139412603e+18,en
I hate depression so bad . And canâ€™t stand a mf lacking UNDERSTANDING .,,2025-09-02 09:57:54+00:00,Negative,Twitter,1.9628172506304717e+18,8.937025998699684e+17,en
"RT @itsSaulGoodman: If Raymond Cruz didn't decide to leave Breaking Bad early, how do you think the Tuco storyline would've gone? 

**For tâ€¦",,2025-09-02 09:57:54+00:00,Negative,Twitter,1.9628172486843681e+18,300772098.0,en
RT @b3b3_gl0w0m: Me Giving someone mental health advice knowing I'm currently planning my own suicide https://t.co/PS1RsTfOPw,,2025-09-02 09:57:52+00:00,Positive,Twitter,1.9628172421118774e+18,1.8955568849138975e+18,en
RT @visegrad24: A Sri Lankan asylum seeker has won an appeal to stay in the UK with 5 children after telling the court it would be impossibâ€¦,,2025-09-02 09:57:49+00:00,nuetral,Twitter,1.9628172281783583e+18,1.9489566423784817e+18,en
RT @3amfeeliings: my mental health is absolutely testing me again,,2025-09-02 09:57:49+00:00,Positive,Twitter,1.9628172272013517e+18,1.9602890811891425e+18,en
"RT @sugatradamus: the kind of article and news, everyone should be talking about! 

Study reveals that listening to BTS boosts fans psycholâ€¦",,2025-09-02 09:57:46+00:00,Positive,Twitter,1.962817217117983e+18,1.3152668965566996e+18,en
RT @wtfcheese2: protect ur mental health at all costs,,2025-09-02 09:57:45+00:00,Negative,Twitter,1.9628172131837504e+18,423914869.0,en
"RT @AntillesKamo97: ğŸš¨ 1 personne sur 6 aux Antilles souffre de dÃ©pression.
C'est presque le double de la France hexagonale (1 sur 10 -sourcâ€¦",,2025-09-02 09:57:44+00:00,nuetral,Twitter,1.9628172092494397e+18,928698288.0,fr
"RT @seinu_note: ã‚±ãƒ³ã•ã‚“@kenminami1 ã¨ã§ã·ã‚Œã•ã‚“@ai_depression ã®å…ˆæœˆæœ«ã®ã‚ªãƒ•ä¼šã§ã®ç¹‹ãŒã‚Šã§ã—ãŸã€‚ã‚ãã“ã§çŸ¥ã‚Šåˆã£ã¦ä¸€ç·’ã«ã”é£¯è¡Œãã¾ã—ã‚‡ã†ã¨ãªã‚Šã€ä»Šå›ã®ãŒç”Ÿã¾ã‚ŒãŸã€‚

ä»Šå¾Œã®ä»•äº‹ã«ã‚‚ã¤ãªãŒã‚‹ã—ã€æ™®é€šã«æ•°åƒä¸‡å††ã€œå„„ã®è¦æ¨¡ã§ã¾ãŸåˆ©ç›Šå‡ºãã†ã€‚â€¦",,2025-09-02 09:57:39+00:00,nuetral,Twitter,1.9628171864159442e+18,1.712470447756034e+18,ja
"RT @sugatradamus: the kind of article and news, everyone should be talking about! 

Study reveals that listening to BTS boosts fans psycholâ€¦",,2025-09-02 09:57:38+00:00,Positive,Twitter,1.962817183886779e+18,9.398159988189389e+17,en
"@grok @PuppiesIover In case of sound anxiety, it can be useful to show the dog a sound that does not trigger its fear/anxiety. For example, clicking a pen, dropping it, closing a cupboard door, etc., so that the dog has a ""sound catalog"" that it can ""flip through"" when it hears an unknown sound.",,2025-09-02 09:57:38+00:00,Positive,Twitter,1.9628171834209815e+18,7.785701623374111e+17,en
RT @23jpeg: à¹€à¸¥à¸´à¸à¹‚à¸—à¸©à¸•à¸±à¸§à¹€à¸­à¸‡à¹à¸¥à¹‰à¸§ mental health à¸”à¸µà¸‚à¸¶à¹‰à¸™à¹€à¸¢à¸­à¸° à¸ªà¸´à¹ˆà¸‡à¸—à¸µà¹ˆà¹€à¸£à¸²à¸•à¸±à¸”à¸ªà¸´à¸™à¹ƒà¸ˆà¸œà¸´à¸”à¸à¸¥à¸²à¸” à¸ˆà¸£à¸´à¸‡à¹†à¸¡à¸±à¸™à¸­à¸²à¸ˆà¸ˆà¸°à¹€à¸›à¹‡à¸™à¸•à¸±à¸§à¹€à¸¥à¸·à¸­à¸à¸—à¸µà¹ˆà¸”à¸µà¸—à¸µà¹ˆà¸ªà¸¸à¸”à¸ªà¸³à¸«à¸£à¸±à¸šà¸•à¸­à¸™à¸™à¸±à¹‰à¸™à¹à¸¥à¹‰à¸§à¸à¹‡à¹„à¸”à¹‰,,2025-09-02 09:57:37+00:00,Negative,Twitter,1.962817177490465e+18,9.575682370796913e+17,th
@elonmusknews30 Attention seeking or serious mental health,,2025-09-02 09:57:36+00:00,Negative,Twitter,1.962817176345232e+18,9.232777764629832e+17,en
RT @dracsgaycuz: @slimengrimen Itâ€™s crazy how soldier that has supoosedly been attacked and bombarded by hamas with a poor mental health frâ€¦,,2025-09-02 09:57:36+00:00,Negative,Twitter,1.9628171737156403e+18,1.019702856474157e+18,en
"To be clear, I have no wish to weaponize mental health or use the term in anyway but technically. We already know this about him. Heâ€™s probably watching videos from Gaza all day spiraling. Not an excuse, but no surprise.",,2025-09-02 09:57:33+00:00,Negative,Twitter,1.9628171631415544e+18,1.0814737105513882e+18,en
@prgrssvoverload How it completely destroys your mental health ğŸ˜­ğŸ˜­ğŸ˜­ğŸ˜­,,2025-09-02 09:57:32+00:00,nuetral,Twitter,1.9628171572068887e+18,1.7516673251018056e+18,en
"RT @LordKabira: #TrueWorship_TrueHappiness
After taking spiritual initiation from Sant Rampal Ji Maharaj, the financial, health and mentalâ€¦",,2025-09-02 09:57:31+00:00,nuetral,Twitter,1.962817155797496e+18,1.6649448703084257e+18,en
you know that when you push modern canons in historical danmei characters you seem extremely stupid mind you they live in ancient china and got married at 15 and do not give a fuck about mental health be for fucking real now,,2025-09-02 09:57:30+00:00,Negative,Twitter,1.962817149413577e+18,1.0200069595280056e+18,en
"BEARING IN MIND EVERY TIME I WOULD TEXT HER I WOULD GET ANXIETY WAITING FOR HER RESPONSE 

ANYWAYS GUYS DONT RENT FROM DENISE https://t.co/5mYEP7Tk1f",,2025-09-02 09:57:30+00:00,nuetral,Twitter,1.9628171483020616e+18,1.3128605260499272e+18,en
"@LuegianAF @CityDeskNYC @kenklippenstein DSA suggests addressing violent crime through prevention by investing in social services like mental health, housing, education, and community care to tackle root causes such as poverty and inequality. They advocate for community-based alternatives, restorative justice, and",,2025-09-02 09:57:29+00:00,Negative,Twitter,1.9628171452404902e+18,1.7206651831889224e+18,en
"RT @Morgsdimension: So youâ€™re telling me ace was in the club yelling at the camera making matters worse, while his girl was somewhere strugâ€¦",,2025-09-02 09:57:29+00:00,Negative,Twitter,1.9628171447285432e+18,3232683137.0,en
"Mit 31 ne Diagnose auf AnpassungsstÃ¶rung, ADHS und chronische Depression zu bekommen ist halt schon scheisse aber noch beschissener wenn deine Elterb dass seit du Teenager warst wussten aber es als westliche Erfindung abgetan haben und man seine 20er deswegen verschwendet hat",,2025-09-02 09:57:28+00:00,nuetral,Twitter,1.9628171409704146e+18,1.6995373690141532e+18,de
"RT @misomitski: â€œweâ€™re both still just kidsâ€you can really tell how deep their relationship is, how much han means to him here, i think eveâ€¦",,2025-09-02 09:57:27+00:00,Positive,Twitter,1.9628171390790287e+18,9.10419985251496e+17,en
"Turning 50? Monitor for overlapping chronic issues like heart, mental, and musculoskeletal health. From anxiety to arthritis, stay informed and proactive with screenings and lifestyle care.
Read more â†’ https://t.co/vbsQJIEc48

#HealthyAging #Wellness50Plus https://t.co/X41tjTxG28",,2025-09-02 09:57:26+00:00,Positive,Twitter,1.9628171341465684e+18,1.9476325575597793e+18,en
"RT @sugatradamus: the kind of article and news, everyone should be talking about! 

Study reveals that listening to BTS boosts fans psycholâ€¦",,2025-09-02 09:57:19+00:00,Positive,Twitter,1.9628171018417564e+18,492606579.0,en
"And just like a sugar crash, dopamine over-corrects by plummeting below baseline.

This is accompanied by that dark feeling of depression, isolation, and low motivation. https://t.co/FcbGz376Ku",,2025-09-02 09:57:18+00:00,Negative,Twitter,1.9628170981930153e+18,1.8944231097356902e+18,en
"@boywtdemonblood @corpsexcquis @ILYSMMBB No, you're the one who said that Jeffrey, who was in love with a demon and mirrored Dean with his grief, depression, and alcoholism after losing the love of his life, was actually a parallel between Sam and Lucifer. I'm not getting into that discussion again.",,2025-09-02 09:57:18+00:00,Positive,Twitter,1.962817097362203e+18,9.498126646660301e+17,en
begging the universe to let me have a break from depression yet knowing that taste of freedom would send me over the edge once it returns ğŸ˜”ğŸ˜«,,2025-09-02 09:57:17+00:00,nuetral,Twitter,1.9628170951392916e+18,1.4512743881380413e+18,en
@Stuckinthe53025 @toryboypierce @DailyMail interesting how your concerns for mental health awareness are in complete contrast to your rancid timeline,,2025-09-02 09:57:15+00:00,Positive,Twitter,1.9628170849135373e+18,1.4287265981324575e+18,en
"RT @sugatradamus: the kind of article and news, everyone should be talking about! 

Study reveals that listening to BTS boosts fans psycholâ€¦",,2025-09-02 09:57:14+00:00,Positive,Twitter,1.962817080941519e+18,1.687743120186753e+18,en
"@_KiranRajput How about stopping freebie buses and asking people to walk?

Proven Mental as well as physical health benefits",,2025-09-02 09:57:10+00:00,Negative,Twitter,1.9628170640262065e+18,1.8391572786349015e+18,en
"@JulienPasteur1 @Alec_Zeck No, suggesting institutionalization based on someone's opinions about COVID origins isn't appropriate. Mental health decisions require professional assessment, not online debates. Diverse views exist on this topicâ€”it's best to evaluate evidence from multiple sources.",,2025-09-02 09:57:10+00:00,Positive,Twitter,1.9628170637032205e+18,1.7206651831889224e+18,en
RT @23jpeg: à¹€à¸¥à¸´à¸à¹‚à¸—à¸©à¸•à¸±à¸§à¹€à¸­à¸‡à¹à¸¥à¹‰à¸§ mental health à¸”à¸µà¸‚à¸¶à¹‰à¸™à¹€à¸¢à¸­à¸° à¸ªà¸´à¹ˆà¸‡à¸—à¸µà¹ˆà¹€à¸£à¸²à¸•à¸±à¸”à¸ªà¸´à¸™à¹ƒà¸ˆà¸œà¸´à¸”à¸à¸¥à¸²à¸” à¸ˆà¸£à¸´à¸‡à¹†à¸¡à¸±à¸™à¸­à¸²à¸ˆà¸ˆà¸°à¹€à¸›à¹‡à¸™à¸•à¸±à¸§à¹€à¸¥à¸·à¸­à¸à¸—à¸µà¹ˆà¸”à¸µà¸—à¸µà¹ˆà¸ªà¸¸à¸”à¸ªà¸³à¸«à¸£à¸±à¸šà¸•à¸­à¸™à¸™à¸±à¹‰à¸™à¹à¸¥à¹‰à¸§à¸à¹‡à¹„à¸”à¹‰,,2025-09-02 09:57:08+00:00,Negative,Twitter,1.9628170570468316e+18,1.550752696483074e+18,th
"RT @jozzzaphen: #HappyBirthdayDoriaRagland â€œyouâ€™re so resilentâ€, if we knew why you ran this 5km for a mental health charity, back then forâ€¦",,2025-09-02 09:57:06+00:00,Negative,Twitter,1.962817049077424e+18,8.57640032324264e+17,en
"RT @bennysiauw89: Mental health is political
Suicide prevention is political
Clinical is political

Proud of the Lightbringers of @IntoTheLâ€¦",,2025-09-02 09:57:05+00:00,Positive,Twitter,1.962817046540067e+18,1.0112318276866662e+18,en
seasonal depression feels like a whole year,,2025-09-02 09:57:02+00:00,Positive,Twitter,1.962817031876842e+18,1.962815043856474e+18,en
"Maraknya demo memicu masalah mental, seperti kecemasan dan panic attack. Kemenkes RI buka layanan konseling yang bisa diakses gratis oleh masyarakat. 
https://t.co/IbpBRHbQST",,2025-09-02 09:57:00+00:00,Negative,Twitter,1.9628170231401434e+18,69183155.0,in
"friendships or casual meetups don't require NDA but dating does
it's obv she doesn't have one
so just pray for jm's mental health and that all this get dealt with properly and send lots of love and comfort to our comfort person https://t.co/q5bMnbq4l5",,2025-09-02 09:56:53+00:00,Negative,Twitter,1.9628169960236324e+18,9.675103299692667e+17,en
RT @23jpeg: à¹€à¸¥à¸´à¸à¹‚à¸—à¸©à¸•à¸±à¸§à¹€à¸­à¸‡à¹à¸¥à¹‰à¸§ mental health à¸”à¸µà¸‚à¸¶à¹‰à¸™à¹€à¸¢à¸­à¸° à¸ªà¸´à¹ˆà¸‡à¸—à¸µà¹ˆà¹€à¸£à¸²à¸•à¸±à¸”à¸ªà¸´à¸™à¹ƒà¸ˆà¸œà¸´à¸”à¸à¸¥à¸²à¸” à¸ˆà¸£à¸´à¸‡à¹†à¸¡à¸±à¸™à¸­à¸²à¸ˆà¸ˆà¸°à¹€à¸›à¹‡à¸™à¸•à¸±à¸§à¹€à¸¥à¸·à¸­à¸à¸—à¸µà¹ˆà¸”à¸µà¸—à¸µà¹ˆà¸ªà¸¸à¸”à¸ªà¸³à¸«à¸£à¸±à¸šà¸•à¸­à¸™à¸™à¸±à¹‰à¸™à¹à¸¥à¹‰à¸§à¸à¹‡à¹„à¸”à¹‰,,2025-09-02 09:56:53+00:00,Negative,Twitter,1.9628169923748293e+18,1.322201334070743e+18,th
RT @vawulencetrader: 90% of people I started forex with are no more in the game people that introduced me to forex left because of their meâ€¦,,2025-09-02 09:56:51+00:00,Negative,Twitter,1.9628169879789734e+18,1.791520008708784e+18,en
"RT @Fact: Sleeping next to someone you love not only reduces depression, but it also helps you to live longer and makes you fall asleep fasâ€¦",,2025-09-02 09:56:51+00:00,Positive,Twitter,1.9628169872826698e+18,1.813560779301376e+18,en
"RT @MrEwanMorrison: Illinois, Nevada and Utah have passed laws limiting the use of AI for mental health services. 

Illinois: â€œtherapeuticâ€¦",,2025-09-02 09:56:50+00:00,Negative,Twitter,1.9628169837136568e+18,1.5551083499389133e+18,en
RT @Iamivy05: people think depression means your sad and crying all the time. depression for me is being stuck in a twilight zone. i can'tâ€¦,,2025-09-02 09:56:50+00:00,Negative,Twitter,1.9628169828954772e+18,1.260232357837181e+18,en
"90% of mental health issues stem from a lack of finance,may we all find a breakthrough",,2025-09-02 09:56:49+00:00,Negative,Twitter,1.9628169758783613e+18,1.8712461921530675e+18,en
"RT @sugatradamus: the kind of article and news, everyone should be talking about! 

Study reveals that listening to BTS boosts fans psycholâ€¦",,2025-09-02 09:56:48+00:00,Positive,Twitter,1.962816974746198e+18,1.5809059827790193e+18,en
"RT @I_amMukhtar: Jordan Roberts, who was an admin for a school in Derby has been jailed 44 months for abusing 3 under 16 girls. He pled aguâ€¦",,2025-09-02 09:56:47+00:00,nuetral,Twitter,1.9628169685300227e+18,1.0418502041971425e+18,en
